segment_index,timestamp,primary_label,infrastructure_type,infrastructure_category,is_infrastructure_boolean,corresponding_gps_index,start_time,end_time,segment_length,segment_duration_sec,distance_to_infrastructure_m,gps_latitude,gps_longitude,gps_speed_kmh,folder_source,labeling_method
0,0.0,Normal Track,Normal Track,Normal Track,False,0,0.0,10.0,5000,10,250.45900522033756,60.9048466,14.8377288,142.468505859375,2024-12-10 10-00-00 (1),adaptive_thresholds_Bridge_150m_Turnout_90m_RailJoint_60m
1,10.0,RailJoint,RailJoint,Infrastructure,True,200,10.0,20.0,5000,10,37.877701699347696,60.9145701,14.8174196,133.199996948242,2024-12-10 10-00-00 (1),adaptive_thresholds_Bridge_150m_Turnout_90m_RailJoint_60m
2,20.0,Normal Track,Normal Track,Normal Track,False,400,20.0,30.0,5000,10,272.1115263315593,60.922438,14.7940773,140.100509643555,2024-12-10 10-00-00 (1),adaptive_thresholds_Bridge_150m_Turnout_90m_RailJoint_60m
3,30.0,Normal Track,Normal Track,Normal Track,False,600,30.0,40.0,5000,10,319.23158122165745,60.9289346,14.7697185,131.460998535156,2024-12-10 10-00-00 (1),adaptive_thresholds_Bridge_150m_Turnout_90m_RailJoint_60m
4,40.0,Normal Track,Normal Track,Normal Track,False,800,40.0,50.0,5000,10,379.8725905929565,60.938331,14.7498648,123.19149017334,2024-12-10 10-00-00 (1),adaptive_thresholds_Bridge_150m_Turnout_90m_RailJoint_60m
5,50.0,Normal Track,Normal Track,Normal Track,False,1000,50.0,60.0,5000,10,160.04362754258986,60.9466233,14.7348293,91.9635009765625,2024-12-10 10-00-00 (1),adaptive_thresholds_Bridge_150m_Turnout_90m_RailJoint_60m
6,60.0,Normal Track,Normal Track,Normal Track,False,1200,60.0,70.0,5000,10,514.003499724018,60.9517346,14.7252396,55.9254989624023,2024-12-10 10-00-00 (1),adaptive_thresholds_Bridge_150m_Turnout_90m_RailJoint_60m
7,70.0,Bridge,Bridge,Infrastructure,True,1400,70.0,80.0,5000,10,121.27617223056001,60.9589036,14.709724,125.004501342773,2024-12-10 10-00-00 (1),adaptive_thresholds_Bridge_150m_Turnout_90m_RailJoint_60m
8,80.0,Normal Track,Normal Track,Normal Track,False,1597,80.0,90.0,5000,10,167.65519350676593,60.9661466,14.6865555,123.580001831055,2024-12-10 10-00-00 (1),adaptive_thresholds_Bridge_150m_Turnout_90m_RailJoint_60m
9,90.0,Normal Track,Normal Track,Normal Track,False,1777,90.0,100.0,5000,10,596.3276872237533,60.9743111,14.664574,132.386001586914,2024-12-10 10-00-00 (1),adaptive_thresholds_Bridge_150m_Turnout_90m_RailJoint_60m
10,100.0,Normal Track,Normal Track,Normal Track,False,1969,100.0,110.0,5000,10,289.4188368818208,60.9777191,14.6468385,120.379501342773,2024-12-10 10-00-00 (1),adaptive_thresholds_Bridge_150m_Turnout_90m_RailJoint_60m
11,110.0,Normal Track,Normal Track,Normal Track,False,2169,110.0,120.0,5000,10,248.55863685572078,60.9893073,14.6200963,136.733505249023,2024-12-10 10-00-00 (1),adaptive_thresholds_Bridge_150m_Turnout_90m_RailJoint_60m
12,120.0,Normal Track,Normal Track,Normal Track,False,2369,120.0,130.0,5000,10,109.18247472206936,60.9978595,14.5977766,98.6605072021484,2024-12-10 10-00-00 (1),adaptive_thresholds_Bridge_150m_Turnout_90m_RailJoint_60m
13,130.0,Normal Track,Normal Track,Normal Track,False,2569,130.0,140.0,5000,10,153.77278582477973,61.0013883,14.5843713,65.2495040893555,2024-12-10 10-00-00 (1),adaptive_thresholds_Bridge_150m_Turnout_90m_RailJoint_60m
14,140.0,Normal Track,Normal Track,Normal Track,False,2769,140.0,150.0,5000,10,129.94970974456416,61.0065186,14.5775113,62.5485038757324,2024-12-10 10-00-00 (1),adaptive_thresholds_Bridge_150m_Turnout_90m_RailJoint_60m
15,150.0,Normal Track,Normal Track,Normal Track,False,2961,150.0,160.0,5000,10,100.95965930418163,61.0090618,14.570041,39.8859977722168,2024-12-10 10-00-00 (1),adaptive_thresholds_Bridge_150m_Turnout_90m_RailJoint_60m
16,160.0,Normal Track,Normal Track,Normal Track,False,3161,160.0,170.0,5000,10,103.3068759926329,61.009332,14.5621446,37.7955017089844,2024-12-10 10-00-00 (1),adaptive_thresholds_Bridge_150m_Turnout_90m_RailJoint_60m
17,170.0,Normal Track,Normal Track,Normal Track,False,3361,170.0,180.0,5000,10,107.7605195816565,61.0094595,14.5586451,0.0,2024-12-10 10-00-00 (1),adaptive_thresholds_Bridge_150m_Turnout_90m_RailJoint_60m
18,180.0,Normal Track,Normal Track,Normal Track,False,3561,180.0,190.0,5000,10,92.27801064530377,61.009316,14.5586348,1.86849999427795,2024-12-10 10-00-00 (1),adaptive_thresholds_Bridge_150m_Turnout_90m_RailJoint_60m
19,190.0,Turnout,Turnout,Infrastructure,True,3761,190.0,200.0,5000,10,54.44869375083782,61.0094428,14.5531111,38.239501953125,2024-12-10 10-00-00 (1),adaptive_thresholds_Bridge_150m_Turnout_90m_RailJoint_60m
20,200.0,RailJoint,RailJoint,Infrastructure,True,3955,200.0,210.0,5000,10,25.340722165979695,61.0073955,14.5471806,36.3894996643066,2024-12-10 10-00-00 (1),adaptive_thresholds_Bridge_150m_Turnout_90m_RailJoint_60m
21,210.0,RailJoint,RailJoint,Infrastructure,True,4051,210.0,220.0,5000,10,19.213931197441184,61.0054096,14.5436903,14.263500213623,2024-12-10 10-00-00 (1),adaptive_thresholds_Bridge_150m_Turnout_90m_RailJoint_60m
22,220.0,RailJoint,RailJoint,Infrastructure,True,4215,220.0,230.0,5000,10,41.45004465500146,61.00471,14.5427031,0.0,2024-12-10 10-00-00 (1),adaptive_thresholds_Bridge_150m_Turnout_90m_RailJoint_60m
23,230.0,RailJoint,RailJoint,Infrastructure,True,4415,230.0,240.0,5000,10,13.085406058490515,61.0044895,14.5423103,1.03600001335144,2024-12-10 10-00-00 (1),adaptive_thresholds_Bridge_150m_Turnout_90m_RailJoint_60m
24,240.0,RailJoint,RailJoint,Infrastructure,True,4615,240.0,250.0,5000,10,10.211119875586927,61.0044631,14.5422428,0.221999987959862,2024-12-10 10-00-00 (1),adaptive_thresholds_Bridge_150m_Turnout_90m_RailJoint_60m
25,250.0,RailJoint,RailJoint,Infrastructure,True,4815,250.0,260.0,5000,10,10.312461308696744,61.0044651,14.5422465,0.0,2024-12-10 10-00-00 (1),adaptive_thresholds_Bridge_150m_Turnout_90m_RailJoint_60m
26,260.0,RailJoint,RailJoint,Infrastructure,True,5015,260.0,270.0,5000,10,8.476823237206295,61.0044616,14.5422055,0.51800000667572,2024-12-10 10-00-00 (1),adaptive_thresholds_Bridge_150m_Turnout_90m_RailJoint_60m
27,270.0,RailJoint,RailJoint,Infrastructure,True,5215,270.0,280.0,5000,10,33.227189774757996,61.004718,14.5424883,2.09049987792969,2024-12-10 10-00-00 (1),adaptive_thresholds_Bridge_150m_Turnout_90m_RailJoint_60m
28,280.0,RailJoint,RailJoint,Infrastructure,True,5415,280.0,290.0,5000,10,36.78538938178301,61.0047446,14.5425263,1.31349992752075,2024-12-10 10-00-00 (1),adaptive_thresholds_Bridge_150m_Turnout_90m_RailJoint_60m
29,290.0,RailJoint,RailJoint,Infrastructure,True,5615,290.0,300.0,5000,10,34.92071211055422,61.0046771,14.5426025,0.221999987959862,2024-12-10 10-00-00 (1),adaptive_thresholds_Bridge_150m_Turnout_90m_RailJoint_60m
30,300.0,RailJoint,RailJoint,Infrastructure,True,5815,300.0,310.0,5000,10,36.44718515906169,61.0047095,14.5425873,0.776999950408936,2024-12-10 10-00-00 (1),adaptive_thresholds_Bridge_150m_Turnout_90m_RailJoint_60m
31,310.0,RailJoint,RailJoint,Infrastructure,True,6015,310.0,320.0,5000,10,33.99661046167816,61.0046705,14.542591,0.110999993979931,2024-12-10 10-00-00 (1),adaptive_thresholds_Bridge_150m_Turnout_90m_RailJoint_60m
32,320.0,RailJoint,RailJoint,Infrastructure,True,6215,320.0,330.0,5000,10,32.80541276466864,61.0046656,14.5425711,0.629000008106232,2024-12-10 10-00-00 (1),adaptive_thresholds_Bridge_150m_Turnout_90m_RailJoint_60m
33,330.0,RailJoint,RailJoint,Infrastructure,True,6415,330.0,340.0,5000,10,28.301809233111978,61.0046631,14.54247,0.758499979972839,2024-12-10 10-00-00 (1),adaptive_thresholds_Bridge_150m_Turnout_90m_RailJoint_60m
34,340.0,RailJoint,RailJoint,Infrastructure,True,6615,340.0,350.0,5000,10,25.831971661462862,61.0046456,14.5424403,0.277500003576279,2024-12-10 10-00-00 (1),adaptive_thresholds_Bridge_150m_Turnout_90m_RailJoint_60m
35,350.0,RailJoint,RailJoint,Infrastructure,True,6815,350.0,360.0,5000,10,26.81146325517533,61.0046471,14.5424611,0.0185000002384186,2024-12-10 10-00-00 (1),adaptive_thresholds_Bridge_150m_Turnout_90m_RailJoint_60m
36,360.0,RailJoint,RailJoint,Infrastructure,True,7015,360.0,370.0,5000,10,27.175053903687047,61.00465,14.542465,0.0,2024-12-10 10-00-00 (1),adaptive_thresholds_Bridge_150m_Turnout_90m_RailJoint_60m
37,370.0,RailJoint,RailJoint,Infrastructure,True,7215,370.0,380.0,5000,10,27.515294287174296,61.004652,14.5424698,0.110999993979931,2024-12-10 10-00-00 (1),adaptive_thresholds_Bridge_150m_Turnout_90m_RailJoint_60m
38,380.0,RailJoint,RailJoint,Infrastructure,True,7415,380.0,390.0,5000,10,28.378053364099287,61.0046545,14.5424861,0.795500040054321,2024-12-10 10-00-00 (1),adaptive_thresholds_Bridge_150m_Turnout_90m_RailJoint_60m
39,390.0,RailJoint,RailJoint,Infrastructure,True,7615,390.0,400.0,5000,10,25.0277920490125,61.0046568,14.5423996,0.443999975919724,2024-12-10 10-00-00 (1),adaptive_thresholds_Bridge_150m_Turnout_90m_RailJoint_60m
40,400.0,RailJoint,RailJoint,Infrastructure,True,7815,400.0,410.0,5000,10,17.868050665651804,61.0046205,14.5422851,0.740000009536743,2024-12-10 10-00-00 (1),adaptive_thresholds_Bridge_150m_Turnout_90m_RailJoint_60m
41,410.0,RailJoint,RailJoint,Infrastructure,True,8015,410.0,420.0,5000,10,25.73519187752979,61.0046485,14.542433,1.442999958992,2024-12-10 10-00-00 (1),adaptive_thresholds_Bridge_150m_Turnout_90m_RailJoint_60m
42,420.0,RailJoint,RailJoint,Infrastructure,True,8215,420.0,430.0,5000,10,25.07305190804498,61.0046743,14.5423611,1.03600001335144,2024-12-10 10-00-00 (1),adaptive_thresholds_Bridge_150m_Turnout_90m_RailJoint_60m
43,430.0,RailJoint,RailJoint,Infrastructure,True,8415,430.0,440.0,5000,10,58.514352957168,61.005016,14.5425076,1.46150004863739,2024-12-10 10-00-00 (1),adaptive_thresholds_Bridge_150m_Turnout_90m_RailJoint_60m
44,440.0,RailJoint,RailJoint,Infrastructure,True,8615,440.0,450.0,5000,10,53.87154307778837,61.0049613,14.542371,0.666000008583069,2024-12-10 10-00-00 (1),adaptive_thresholds_Bridge_150m_Turnout_90m_RailJoint_60m
45,450.0,RailJoint,RailJoint,Infrastructure,True,8815,450.0,460.0,5000,10,48.94411505935452,61.0048803,14.5425238,1.48000001907349,2024-12-10 10-00-00 (1),adaptive_thresholds_Bridge_150m_Turnout_90m_RailJoint_60m
46,460.0,RailJoint,RailJoint,Infrastructure,True,9015,460.0,470.0,5000,10,54.41439137101948,61.00499,14.542635,2.18299984931946,2024-12-10 10-00-00 (1),adaptive_thresholds_Bridge_150m_Turnout_90m_RailJoint_60m
47,470.0,RailJoint,RailJoint,Infrastructure,True,9215,470.0,480.0,5000,10,53.95890568157926,61.0049306,14.5425283,0.185000002384186,2024-12-10 10-00-00 (1),adaptive_thresholds_Bridge_150m_Turnout_90m_RailJoint_60m
48,480.0,RailJoint,RailJoint,Infrastructure,True,9415,480.0,490.0,5000,10,58.260845387957,61.0049741,14.542527,0.425500005483627,2024-12-10 10-00-00 (1),adaptive_thresholds_Bridge_150m_Turnout_90m_RailJoint_60m
49,490.0,RailJoint,RailJoint,Infrastructure,True,9615,490.0,500.0,5000,10,58.80688619291977,61.0049846,14.5425425,0.203500002622604,2024-12-10 10-00-00 (1),adaptive_thresholds_Bridge_150m_Turnout_90m_RailJoint_60m
50,500.0,RailJoint,RailJoint,Infrastructure,True,9815,500.0,510.0,5000,10,51.93797618462865,61.0049076,14.5425373,0.647499978542328,2024-12-10 10-00-00 (1),adaptive_thresholds_Bridge_150m_Turnout_90m_RailJoint_60m
51,510.0,RailJoint,RailJoint,Infrastructure,True,10015,510.0,520.0,5000,10,49.27964180871991,61.0050196,14.5427085,0.25900000333786,2024-12-10 10-00-00 (1),adaptive_thresholds_Bridge_150m_Turnout_90m_RailJoint_60m
52,520.0,RailJoint,RailJoint,Infrastructure,True,10215,520.0,530.0,5000,10,57.012241254961616,61.0049393,14.5426126,1.22100007534027,2024-12-10 10-00-00 (1),adaptive_thresholds_Bridge_150m_Turnout_90m_RailJoint_60m
53,530.0,RailJoint,RailJoint,Infrastructure,True,10415,530.0,540.0,5000,10,56.174921073433396,61.0049773,14.5426138,1.27649998664856,2024-12-10 10-00-00 (1),adaptive_thresholds_Bridge_150m_Turnout_90m_RailJoint_60m
54,540.0,RailJoint,RailJoint,Infrastructure,True,10615,540.0,550.0,5000,10,48.93931127125357,61.0050765,14.5426415,0.906500041484833,2024-12-10 10-00-00 (1),adaptive_thresholds_Bridge_150m_Turnout_90m_RailJoint_60m
55,550.0,RailJoint,RailJoint,Infrastructure,True,10815,550.0,560.0,5000,10,56.57566011201485,61.0049515,14.5425508,0.795500040054321,2024-12-10 10-00-00 (1),adaptive_thresholds_Bridge_150m_Turnout_90m_RailJoint_60m
56,560.0,RailJoint,RailJoint,Infrastructure,True,11015,560.0,570.0,5000,10,50.571424871342636,61.0050533,14.5426336,0.776999950408936,2024-12-10 10-00-00 (1),adaptive_thresholds_Bridge_150m_Turnout_90m_RailJoint_60m
57,570.0,RailJoint,RailJoint,Infrastructure,True,11215,570.0,580.0,5000,10,48.868657325388476,61.0050643,14.542657,0.0185000002384186,2024-12-10 10-00-00 (1),adaptive_thresholds_Bridge_150m_Turnout_90m_RailJoint_60m
58,580.0,RailJoint,RailJoint,Infrastructure,True,11415,580.0,590.0,5000,10,49.07801726573383,61.005099,14.5426155,1.18400001525879,2024-12-10 10-00-00 (1),adaptive_thresholds_Bridge_150m_Turnout_90m_RailJoint_60m
59,590.0,RailJoint,RailJoint,Infrastructure,True,11615,590.0,600.0,5000,10,42.06077573157835,61.0052135,14.5426756,0.573499977588654,2024-12-10 10-00-00 (1),adaptive_thresholds_Bridge_150m_Turnout_90m_RailJoint_60m
60,600.0,RailJoint,RailJoint,Infrastructure,True,11815,600.0,610.0,5000,10,50.3017238105752,61.0050496,14.542644,1.22100007534027,2024-12-10 10-00-00 (1),adaptive_thresholds_Bridge_150m_Turnout_90m_RailJoint_60m
61,610.0,RailJoint,RailJoint,Infrastructure,True,12015,610.0,620.0,5000,10,53.47231907846552,61.00501,14.5426268,0.148000001907349,2024-12-10 10-00-00 (1),adaptive_thresholds_Bridge_150m_Turnout_90m_RailJoint_60m
62,620.0,RailJoint,RailJoint,Infrastructure,True,12215,620.0,630.0,5000,10,53.78274944650889,61.0050065,14.5426248,0.0185000002384186,2024-12-10 10-00-00 (1),adaptive_thresholds_Bridge_150m_Turnout_90m_RailJoint_60m
63,630.0,RailJoint,RailJoint,Infrastructure,True,12415,630.0,640.0,5000,10,53.44077635842359,61.0050098,14.5426278,0.0,2024-12-10 10-00-00 (1),adaptive_thresholds_Bridge_150m_Turnout_90m_RailJoint_60m
64,640.0,RailJoint,RailJoint,Infrastructure,True,12615,640.0,650.0,5000,10,54.31594034083057,61.0050061,14.5426133,0.351500004529953,2024-12-10 10-00-00 (1),adaptive_thresholds_Bridge_150m_Turnout_90m_RailJoint_60m
65,650.0,RailJoint,RailJoint,Infrastructure,True,12815,650.0,660.0,5000,10,52.9558740116133,61.0050161,14.5426298,0.462500005960464,2024-12-10 10-00-00 (1),adaptive_thresholds_Bridge_150m_Turnout_90m_RailJoint_60m
66,660.0,RailJoint,RailJoint,Infrastructure,True,13015,660.0,670.0,5000,10,47.355963718941325,61.0050443,14.5427161,0.666000008583069,2024-12-10 10-00-00 (1),adaptive_thresholds_Bridge_150m_Turnout_90m_RailJoint_60m
67,670.0,RailJoint,RailJoint,Infrastructure,True,13215,670.0,680.0,5000,10,48.80839780584057,61.0051053,14.5426151,0.51800000667572,2024-12-10 10-00-00 (1),adaptive_thresholds_Bridge_150m_Turnout_90m_RailJoint_60m
68,680.0,RailJoint,RailJoint,Infrastructure,True,13415,680.0,690.0,5000,10,49.63395054370179,61.0051001,14.5426031,0.462500005960464,2024-12-10 10-00-00 (1),adaptive_thresholds_Bridge_150m_Turnout_90m_RailJoint_60m
69,690.0,RailJoint,RailJoint,Infrastructure,True,13615,690.0,700.0,5000,10,54.28873835976639,61.0050596,14.5425475,0.277500003576279,2024-12-10 10-00-00 (1),adaptive_thresholds_Bridge_150m_Turnout_90m_RailJoint_60m
70,700.0,RailJoint,RailJoint,Infrastructure,True,13815,700.0,710.0,5000,10,53.66427317668692,61.0050655,14.5425543,0.388499975204468,2024-12-10 10-00-00 (1),adaptive_thresholds_Bridge_150m_Turnout_90m_RailJoint_60m
71,710.0,RailJoint,RailJoint,Infrastructure,True,14015,710.0,720.0,5000,10,53.11552394508995,61.0050648,14.5425665,0.12950000166893,2024-12-10 10-00-00 (1),adaptive_thresholds_Bridge_150m_Turnout_90m_RailJoint_60m
72,720.0,RailJoint,RailJoint,Infrastructure,True,14215,720.0,730.0,5000,10,49.913728440325244,61.0050646,14.5426343,0.647499978542328,2024-12-10 10-00-00 (1),adaptive_thresholds_Bridge_150m_Turnout_90m_RailJoint_60m
73,730.0,RailJoint,RailJoint,Infrastructure,True,14415,730.0,740.0,5000,10,51.14214703100382,61.0050648,14.542608,0.185000002384186,2024-12-10 10-00-00 (1),adaptive_thresholds_Bridge_150m_Turnout_90m_RailJoint_60m
74,740.0,RailJoint,RailJoint,Infrastructure,True,14615,740.0,750.0,5000,10,51.012746709079146,61.0050723,14.5426025,0.333000004291534,2024-12-10 10-00-00 (1),adaptive_thresholds_Bridge_150m_Turnout_90m_RailJoint_60m
75,750.0,RailJoint,RailJoint,Infrastructure,True,14815,750.0,760.0,5000,10,49.47749314536715,61.005103,14.5426036,0.851000010967255,2024-12-10 10-00-00 (1),adaptive_thresholds_Bridge_150m_Turnout_90m_RailJoint_60m
76,760.0,RailJoint,RailJoint,Infrastructure,True,15015,760.0,770.0,5000,10,47.85081213058701,61.0051508,14.542598,0.592000007629395,2024-12-10 10-00-00 (1),adaptive_thresholds_Bridge_150m_Turnout_90m_RailJoint_60m
77,770.0,RailJoint,RailJoint,Infrastructure,True,15215,770.0,780.0,5000,10,47.147152693023386,61.0051045,14.5426498,0.296000003814697,2024-12-10 10-00-00 (1),adaptive_thresholds_Bridge_150m_Turnout_90m_RailJoint_60m
78,780.0,RailJoint,RailJoint,Infrastructure,True,15415,780.0,790.0,5000,10,45.416207705765245,61.0051396,14.5426541,0.536499977111816,2024-12-10 10-00-00 (1),adaptive_thresholds_Bridge_150m_Turnout_90m_RailJoint_60m
79,790.0,RailJoint,RailJoint,Infrastructure,True,15615,790.0,800.0,5000,10,42.796320372352525,61.0052458,14.5426521,1.22100007534027,2024-12-10 10-00-00 (1),adaptive_thresholds_Bridge_150m_Turnout_90m_RailJoint_60m
80,800.0,RailJoint,RailJoint,Infrastructure,True,15815,800.0,810.0,5000,10,45.25164464427923,61.0051556,14.5426456,0.148000001907349,2024-12-10 10-00-00 (1),adaptive_thresholds_Bridge_150m_Turnout_90m_RailJoint_60m
81,810.0,RailJoint,RailJoint,Infrastructure,True,16015,810.0,820.0,5000,10,46.227410951284504,61.0051518,14.5426291,0.0185000002384186,2024-12-10 10-00-00 (1),adaptive_thresholds_Bridge_150m_Turnout_90m_RailJoint_60m
82,820.0,RailJoint,RailJoint,Infrastructure,True,16215,820.0,830.0,5000,10,48.33980134517055,61.0050973,14.5426323,0.925000011920929,2024-12-10 10-00-00 (1),adaptive_thresholds_Bridge_150m_Turnout_90m_RailJoint_60m
83,830.0,RailJoint,RailJoint,Infrastructure,True,16415,830.0,840.0,5000,10,54.59367033378945,61.004987,14.5426355,0.887999951839447,2024-12-10 10-00-00 (1),adaptive_thresholds_Bridge_150m_Turnout_90m_RailJoint_60m
84,840.0,RailJoint,RailJoint,Infrastructure,True,16615,840.0,850.0,5000,10,56.97166257928082,61.004926,14.5426546,0.110999993979931,2024-12-10 10-00-00 (1),adaptive_thresholds_Bridge_150m_Turnout_90m_RailJoint_60m
85,850.0,RailJoint,RailJoint,Infrastructure,True,16815,850.0,860.0,5000,10,49.61165380026063,61.0050476,14.5426616,1.27649998664856,2024-12-10 10-00-00 (1),adaptive_thresholds_Bridge_150m_Turnout_90m_RailJoint_60m
86,860.0,RailJoint,RailJoint,Infrastructure,True,17015,860.0,870.0,5000,10,47.25332453031216,61.0050773,14.5426763,0.370000004768372,2024-12-10 10-00-00 (1),adaptive_thresholds_Bridge_150m_Turnout_90m_RailJoint_60m
87,870.0,RailJoint,RailJoint,Infrastructure,True,17215,870.0,880.0,5000,10,48.547631229722484,61.0050565,14.5426735,1.7389999628067,2024-12-10 10-00-00 (1),adaptive_thresholds_Bridge_150m_Turnout_90m_RailJoint_60m
88,880.0,RailJoint,RailJoint,Infrastructure,True,17415,880.0,890.0,5000,10,24.87936015988103,61.0075511,14.546952,26.5475006103516,2024-12-10 10-00-00 (1),adaptive_thresholds_Bridge_150m_Turnout_90m_RailJoint_60m
89,890.0,Turnout,Turnout,Infrastructure,True,17615,890.0,900.0,5000,10,41.87716458869528,61.0093525,14.5533306,39.3865013122559,2024-12-10 10-00-00 (1),adaptive_thresholds_Bridge_150m_Turnout_90m_RailJoint_60m
90,900.0,Turnout,Turnout,Infrastructure,True,17815,900.0,910.0,5000,10,63.80225169455872,61.009158,14.5576198,6.53049993515015,2024-12-10 10-00-00 (1),adaptive_thresholds_Bridge_150m_Turnout_90m_RailJoint_60m
91,910.0,Turnout,Turnout,Infrastructure,True,18015,910.0,920.0,5000,10,68.65468704450198,61.0091026,14.5586836,0.0,2024-12-10 10-00-00 (1),adaptive_thresholds_Bridge_150m_Turnout_90m_RailJoint_60m
92,920.0,Turnout,Turnout,Infrastructure,True,18215,920.0,930.0,5000,10,68.65468704450198,61.0091026,14.5586836,0.0,2024-12-10 10-00-00 (1),adaptive_thresholds_Bridge_150m_Turnout_90m_RailJoint_60m
93,930.0,Turnout,Turnout,Infrastructure,True,18415,930.0,940.0,5000,10,67.51668670663004,61.0090885,14.5586586,0.0,2024-12-10 10-00-00 (1),adaptive_thresholds_Bridge_150m_Turnout_90m_RailJoint_60m
94,940.0,Turnout,Turnout,Infrastructure,True,18615,940.0,950.0,5000,10,67.5182225981508,61.0090885,14.5586585,0.0,2024-12-10 10-00-00 (1),adaptive_thresholds_Bridge_150m_Turnout_90m_RailJoint_60m
95,950.0,Turnout,Turnout,Infrastructure,True,18815,950.0,960.0,5000,10,67.39553482651102,61.0090871,14.5586568,0.148000001907349,2024-12-10 10-00-00 (1),adaptive_thresholds_Bridge_150m_Turnout_90m_RailJoint_60m
96,960.0,RailJoint,RailJoint,Infrastructure,True,19015,960.0,970.0,5000,10,44.39194063811806,61.0090891,14.5603168,29.3225002288818,2024-12-10 10-00-00 (1),adaptive_thresholds_Bridge_150m_Turnout_90m_RailJoint_60m
97,970.0,Turnout,Turnout,Infrastructure,True,19215,970.0,980.0,5000,10,22.399727051048938,61.0085606,14.5667958,30.5065002441406,2024-12-10 10-00-00 (1),adaptive_thresholds_Bridge_150m_Turnout_90m_RailJoint_60m
98,980.0,Bridge,Bridge,Infrastructure,True,19415,980.0,990.0,5000,10,54.18865765604316,61.0077935,14.5746996,46.9715003967285,2024-12-10 10-00-00 (1),adaptive_thresholds_Bridge_150m_Turnout_90m_RailJoint_60m
99,990.0,Normal Track,Normal Track,Normal Track,False,19586,990.0,1000.0,5000,10,70.73845969319594,61.0022778,14.581096,62.3820037841797,2024-12-10 10-00-00 (1),adaptive_thresholds_Bridge_150m_Turnout_90m_RailJoint_60m
100,1000.0,RailJoint,RailJoint,Infrastructure,True,19786,1000.0,1010.0,5000,10,40.319122762945725,60.9989953,14.5924165,87.6529998779297,2024-12-10 10-00-00 (1),adaptive_thresholds_Bridge_150m_Turnout_90m_RailJoint_60m
101,1010.0,Normal Track,Normal Track,Normal Track,False,19986,1010.0,1020.0,5000,10,393.28183761762506,60.9937703,14.612742,130.961502075195,2024-12-10 10-00-00 (1),adaptive_thresholds_Bridge_150m_Turnout_90m_RailJoint_60m
102,1020.0,Normal Track,Normal Track,Normal Track,False,20186,1020.0,1030.0,5000,10,277.61096475262025,60.9866136,14.6318723,100.56600189209,2024-12-10 10-00-00 (1),adaptive_thresholds_Bridge_150m_Turnout_90m_RailJoint_60m
103,1030.0,Bridge,Bridge,Infrastructure,True,20386,1030.0,1040.0,5000,10,140.3736668374348,60.9796678,14.6513146,138.675994873047,2024-12-10 10-00-00 (1),adaptive_thresholds_Bridge_150m_Turnout_90m_RailJoint_60m
104,1040.0,Normal Track,Normal Track,Normal Track,False,20586,1040.0,1050.0,5000,10,612.2758250066313,60.9714263,14.6744096,141.821014404297,2024-12-10 10-00-00 (1),adaptive_thresholds_Bridge_150m_Turnout_90m_RailJoint_60m
105,1050.0,Normal Track,Normal Track,Normal Track,False,20786,1050.0,1060.0,5000,10,282.0405404675003,60.9632605,14.6975108,139.675003051758,2024-12-10 10-00-00 (1),adaptive_thresholds_Bridge_150m_Turnout_90m_RailJoint_60m
106,1060.0,Normal Track,Normal Track,Normal Track,False,20986,1060.0,1070.0,5000,10,87.65562014603624,60.9559771,14.7185561,98.6974945068359,2024-12-10 10-00-00 (1),adaptive_thresholds_Bridge_150m_Turnout_90m_RailJoint_60m
107,1070.0,Normal Track,Normal Track,Normal Track,False,21186,1070.0,1080.0,5000,10,660.1588979503265,60.9501215,14.7289736,76.515998840332,2024-12-10 10-00-00 (1),adaptive_thresholds_Bridge_150m_Turnout_90m_RailJoint_60m
108,1080.0,Normal Track,Normal Track,Normal Track,False,21292,1080.0,1090.0,5000,10,484.4173621659663,60.9424756,14.7431925,124.560501098633,2024-12-10 10-00-00 (1),adaptive_thresholds_Bridge_150m_Turnout_90m_RailJoint_60m
109,1090.0,Normal Track,Normal Track,Normal Track,False,21462,1090.0,1100.0,5000,10,458.7800606460373,60.9328653,14.7604218,141.932006835938,2024-12-10 10-00-00 (1),adaptive_thresholds_Bridge_150m_Turnout_90m_RailJoint_60m
110,1100.0,Normal Track,Normal Track,Normal Track,False,21662,1100.0,1110.0,5000,10,480.8686388625984,60.9250605,14.7821891,149.609512329102,2024-12-10 10-00-00 (1),adaptive_thresholds_Bridge_150m_Turnout_90m_RailJoint_60m
111,1110.0,Normal Track,Normal Track,Normal Track,False,21862,1110.0,1120.0,5000,10,373.16822249766926,60.9191431,14.8039033,101.91650390625,2024-12-10 10-00-00 (1),adaptive_thresholds_Bridge_150m_Turnout_90m_RailJoint_60m
112,1120.0,Normal Track,Normal Track,Normal Track,False,22062,1120.0,1130.0,5000,10,63.45936962897181,60.9154705,14.8134423,41.4214973449707,2024-12-10 10-00-00 (1),adaptive_thresholds_Bridge_150m_Turnout_90m_RailJoint_60m
113,1130.0,Normal Track,Normal Track,Normal Track,False,22261,1130.0,1140.0,5000,10,147.79409493973992,60.9134201,14.818303,31.5795001983643,2024-12-10 10-00-00 (1),adaptive_thresholds_Bridge_150m_Turnout_90m_RailJoint_60m
114,1140.0,Normal Track,Normal Track,Normal Track,False,22425,1140.0,1150.0,5000,10,102.48804576672472,60.9113376,14.8232258,19.5360012054443,2024-12-10 10-00-00 (1),adaptive_thresholds_Bridge_150m_Turnout_90m_RailJoint_60m
115,1150.0,Normal Track,Normal Track,Normal Track,False,22622,1150.0,1160.0,5000,10,74.34897542643796,60.910971,14.8247371,4.82849979400635,2024-12-10 10-00-00 (1),adaptive_thresholds_Bridge_150m_Turnout_90m_RailJoint_60m
116,1160.0,RailJoint,RailJoint,Infrastructure,True,22818,1160.0,1170.0,5000,10,44.320048142714356,60.9107993,14.8251855,2.0164999961853,2024-12-10 10-00-00 (1),adaptive_thresholds_Bridge_150m_Turnout_90m_RailJoint_60m
117,1170.0,RailJoint,RailJoint,Infrastructure,True,22996,1170.0,1180.0,5000,10,41.003471436455406,60.9107863,14.8252565,0.869499981403351,2024-12-10 10-00-00 (1),adaptive_thresholds_Bridge_150m_Turnout_90m_RailJoint_60m
118,1180.0,RailJoint,RailJoint,Infrastructure,True,23195,1180.0,1190.0,5000,10,45.9034944359696,60.910804,14.8251488,1.83150005340576,2024-12-10 10-00-00 (1),adaptive_thresholds_Bridge_150m_Turnout_90m_RailJoint_60m
119,1190.0,RailJoint,RailJoint,Infrastructure,True,23395,1190.0,1200.0,5000,10,48.40633576866041,60.9107968,14.8250576,0.814000010490417,2024-12-10 10-00-00 (1),adaptive_thresholds_Bridge_150m_Turnout_90m_RailJoint_60m
120,1200.0,RailJoint,RailJoint,Infrastructure,True,23595,1200.0,1210.0,5000,10,46.509475569253055,60.910781,14.8250741,2.36800003051758,2024-12-10 10-00-00 (1),adaptive_thresholds_Bridge_150m_Turnout_90m_RailJoint_60m
121,1210.0,Normal Track,Normal Track,Normal Track,False,23795,1210.0,1220.0,5000,10,69.54338664989248,60.9110425,14.8251226,1.14699995517731,2024-12-10 10-00-00 (1),adaptive_thresholds_Bridge_150m_Turnout_90m_RailJoint_60m
122,1220.0,RailJoint,RailJoint,Infrastructure,True,23995,1220.0,1230.0,5000,10,39.27900739783233,60.910783,14.8253083,3.08949995040894,2024-12-10 10-00-00 (1),adaptive_thresholds_Bridge_150m_Turnout_90m_RailJoint_60m
123,1230.0,RailJoint,RailJoint,Infrastructure,True,24195,1230.0,1240.0,5000,10,49.25615636670961,60.9108401,14.8251461,3.40400004386902,2024-12-10 10-00-00 (1),adaptive_thresholds_Bridge_150m_Turnout_90m_RailJoint_60m
124,1240.0,RailJoint,RailJoint,Infrastructure,True,24393,1240.0,1250.0,5000,10,30.162374936177773,60.9106623,14.8252573,0.555000007152557,2024-12-10 10-00-00 (1),adaptive_thresholds_Bridge_150m_Turnout_90m_RailJoint_60m
125,1250.0,Normal Track,Normal Track,Normal Track,False,24593,1250.0,1260.0,5000,10,64.5460423177743,60.910984,14.8250885,3.27449989318848,2024-12-10 10-00-00 (1),adaptive_thresholds_Bridge_150m_Turnout_90m_RailJoint_60m
126,1260.0,Normal Track,Normal Track,Normal Track,False,24793,1260.0,1270.0,5000,10,67.63534226851426,60.9110291,14.8251475,0.573499977588654,2024-12-10 10-00-00 (1),adaptive_thresholds_Bridge_150m_Turnout_90m_RailJoint_60m
127,1270.0,Normal Track,Normal Track,Normal Track,False,24993,1270.0,1280.0,5000,10,75.31918627614661,60.9110918,14.8250871,0.795500040054321,2024-12-10 10-00-00 (1),adaptive_thresholds_Bridge_150m_Turnout_90m_RailJoint_60m
128,1280.0,Normal Track,Normal Track,Normal Track,False,25193,1280.0,1290.0,5000,10,72.99611232140391,60.911049,14.8250066,0.536499977111816,2024-12-10 10-00-00 (1),adaptive_thresholds_Bridge_150m_Turnout_90m_RailJoint_60m
129,1290.0,RailJoint,RailJoint,Infrastructure,True,25393,1290.0,1300.0,5000,10,57.34424717572117,60.910873,14.8249861,0.740000009536743,2024-12-10 10-00-00 (1),adaptive_thresholds_Bridge_150m_Turnout_90m_RailJoint_60m
130,1300.0,Normal Track,Normal Track,Normal Track,False,25593,1300.0,1310.0,5000,10,84.32135834232689,60.9111878,14.8251315,2.6269998550415,2024-12-10 10-00-00 (1),adaptive_thresholds_Bridge_150m_Turnout_90m_RailJoint_60m
131,1310.0,RailJoint,RailJoint,Infrastructure,True,25793,1310.0,1320.0,5000,10,47.58368870897938,60.9108275,14.8251631,4.49550008773804,2024-12-10 10-00-00 (1),adaptive_thresholds_Bridge_150m_Turnout_90m_RailJoint_60m
132,1320.0,RailJoint,RailJoint,Infrastructure,True,25993,1320.0,1330.0,5000,10,49.54189226121181,60.9108403,14.8251373,2.09049987792969,2024-12-10 10-00-00 (1),adaptive_thresholds_Bridge_150m_Turnout_90m_RailJoint_60m
133,1330.0,RailJoint,RailJoint,Infrastructure,True,26193,1330.0,1340.0,5000,10,46.31258386394065,60.9107728,14.8250615,1.90549993515015,2024-12-10 10-00-00 (1),adaptive_thresholds_Bridge_150m_Turnout_90m_RailJoint_60m
134,1340.0,RailJoint,RailJoint,Infrastructure,True,26393,1340.0,1350.0,5000,10,38.61648155551049,60.9107433,14.8252081,0.869499981403351,2024-12-10 10-00-00 (1),adaptive_thresholds_Bridge_150m_Turnout_90m_RailJoint_60m
135,1350.0,RailJoint,RailJoint,Infrastructure,True,26593,1350.0,1360.0,5000,10,7.364000908126958,60.9104628,14.8255221,0.851000010967255,2024-12-10 10-00-00 (1),adaptive_thresholds_Bridge_150m_Turnout_90m_RailJoint_60m
136,1360.0,Turnout,Turnout,Infrastructure,True,26793,1360.0,1370.0,5000,10,44.435420923913355,60.9099883,14.8271781,26.7325000762939,2024-12-10 10-00-00 (1),adaptive_thresholds_Bridge_150m_Turnout_90m_RailJoint_60m
137,1370.0,Normal Track,Normal Track,Normal Track,False,26993,1370.0,1380.0,5000,10,103.81810315211865,60.90569,14.8356231,84.6559982299805,2024-12-10 10-00-00 (1),adaptive_thresholds_Bridge_150m_Turnout_90m_RailJoint_60m
138,1380.0,Normal Track,Normal Track,Normal Track,False,27193,1380.0,1390.0,5000,10,501.80239132163365,60.8969888,14.8501041,123.820503234863,2024-12-10 10-00-00 (1),adaptive_thresholds_Bridge_150m_Turnout_90m_RailJoint_60m
139,1390.0,Normal Track,Normal Track,Normal Track,False,27393,1390.0,1400.0,5000,10,100.6523294276383,60.8863588,14.8690958,141.45100402832,2024-12-10 10-00-00 (1),adaptive_thresholds_Bridge_150m_Turnout_90m_RailJoint_60m
140,1400.0,Normal Track,Normal Track,Normal Track,False,27593,1400.0,1410.0,5000,10,312.7516362343623,60.882498,14.8946711,134.402496337891,2024-12-10 10-00-00 (1),adaptive_thresholds_Bridge_150m_Turnout_90m_RailJoint_60m
141,1410.0,Normal Track,Normal Track,Normal Track,False,27793,1410.0,1420.0,5000,10,640.3110594539904,60.8828891,14.923749,137.991485595703,2024-12-10 10-00-00 (1),adaptive_thresholds_Bridge_150m_Turnout_90m_RailJoint_60m
142,1420.0,Normal Track,Normal Track,Normal Track,False,27993,1420.0,1430.0,5000,10,527.7798739572247,60.8823858,14.9516146,114.644500732422,2024-12-10 10-00-00 (1),adaptive_thresholds_Bridge_150m_Turnout_90m_RailJoint_60m
143,1430.0,Normal Track,Normal Track,Normal Track,False,28192,1430.0,1440.0,5000,10,268.3910711253725,60.8881571,14.9619953,111.703002929688,2024-12-10 10-00-00 (1),adaptive_thresholds_Bridge_150m_Turnout_90m_RailJoint_60m
144,1440.0,Bridge,Bridge,Infrastructure,True,28361,1440.0,1450.0,5000,10,84.87175656680834,60.9054511,14.960197,93.3509979248047,2024-12-10 10-00-00 (1),adaptive_thresholds_Bridge_150m_Turnout_90m_RailJoint_60m
145,1450.0,Normal Track,Normal Track,Normal Track,False,28561,1450.0,1460.0,5000,10,256.6741549173881,60.9068963,14.9731971,95.8669967651367,2024-12-10 10-00-00 (1),adaptive_thresholds_Bridge_150m_Turnout_90m_RailJoint_60m
146,1460.0,Normal Track,Normal Track,Normal Track,False,28761,1460.0,1470.0,5000,10,294.09540269021954,60.9034556,14.995437,123.839004516602,2024-12-10 10-00-00 (1),adaptive_thresholds_Bridge_150m_Turnout_90m_RailJoint_60m
147,1470.0,Normal Track,Normal Track,Normal Track,False,28961,1470.0,1480.0,5000,10,426.2042365263348,60.9067165,15.0199473,113.294006347656,2024-12-10 10-00-00 (1),adaptive_thresholds_Bridge_150m_Turnout_90m_RailJoint_60m
148,1480.0,Normal Track,Normal Track,Normal Track,False,29161,1480.0,1490.0,5000,10,334.6958078346644,60.9142225,15.0365723,115.902503967285,2024-12-10 10-00-00 (1),adaptive_thresholds_Bridge_150m_Turnout_90m_RailJoint_60m
149,1490.0,Normal Track,Normal Track,Normal Track,False,29361,1490.0,1500.0,5000,10,399.8067651162521,60.9090616,15.0518453,94.5534973144531,2024-12-10 10-00-00 (1),adaptive_thresholds_Bridge_150m_Turnout_90m_RailJoint_60m
150,1500.0,Normal Track,Normal Track,Normal Track,False,29547,1500.0,1510.0,5000,10,379.55637359999827,60.900537,15.0543193,87.9674987792969,2024-12-10 10-00-00 (1),adaptive_thresholds_Bridge_150m_Turnout_90m_RailJoint_60m
151,1510.0,Normal Track,Normal Track,Normal Track,False,29747,1510.0,1520.0,5000,10,193.12080198081827,60.8976433,15.072593,112.646499633789,2024-12-10 10-00-00 (1),adaptive_thresholds_Bridge_150m_Turnout_90m_RailJoint_60m
152,1520.0,Normal Track,Normal Track,Normal Track,False,29947,1520.0,1530.0,5000,10,150.51561601219504,60.8941378,15.0957761,106.745002746582,2024-12-10 10-00-00 (1),adaptive_thresholds_Bridge_150m_Turnout_90m_RailJoint_60m
153,1530.0,Normal Track,Normal Track,Normal Track,False,30147,1530.0,1540.0,5000,10,79.21821731138441,60.8898573,15.1094415,70.2630004882812,2024-12-10 10-00-00 (1),adaptive_thresholds_Bridge_150m_Turnout_90m_RailJoint_60m
154,1540.0,Normal Track,Normal Track,Normal Track,False,30347,1540.0,1550.0,5000,10,143.2716774429433,60.885646,15.1146131,27.2504997253418,2024-12-10 10-00-00 (1),adaptive_thresholds_Bridge_150m_Turnout_90m_RailJoint_60m
155,1550.0,Normal Track,Normal Track,Normal Track,False,30547,1550.0,1560.0,5000,10,103.29485415325486,60.885329,15.1149651,0.0,2024-12-10 10-00-00 (1),adaptive_thresholds_Bridge_150m_Turnout_90m_RailJoint_60m
156,1560.0,Turnout,Turnout,Infrastructure,True,30747,1560.0,1570.0,5000,10,23.817606862507308,60.8838083,15.1170908,61.4200019836426,2024-12-10 10-00-00 (1),adaptive_thresholds_Bridge_150m_Turnout_90m_RailJoint_60m
157,1570.0,Normal Track,Normal Track,Normal Track,False,30947,1570.0,1580.0,5000,10,124.1174922063617,60.877381,15.1129431,74.1110000610352,2024-12-10 10-00-00 (1),adaptive_thresholds_Bridge_150m_Turnout_90m_RailJoint_60m
158,1580.0,Normal Track,Normal Track,Normal Track,False,31147,1580.0,1590.0,5000,10,186.94991751959734,60.8708593,15.0994733,109.075996398926,2024-12-10 10-00-00 (1),adaptive_thresholds_Bridge_150m_Turnout_90m_RailJoint_60m
159,1590.0,Normal Track,Normal Track,Normal Track,False,31347,1590.0,1600.0,5000,10,341.34821881512676,60.8609903,15.0948401,106.337997436523,2024-12-10 10-00-00 (1),adaptive_thresholds_Bridge_150m_Turnout_90m_RailJoint_60m
160,1600.0,Normal Track,Normal Track,Normal Track,False,31547,1600.0,1610.0,5000,10,218.8132487348608,60.8502758,15.0946288,120.027992248535,2024-12-10 10-00-00 (1),adaptive_thresholds_Bridge_150m_Turnout_90m_RailJoint_60m
161,1610.0,Normal Track,Normal Track,Normal Track,False,31747,1610.0,1620.0,5000,10,376.80082389593053,60.8401008,15.0941563,89.2624969482422,2024-12-10 10-00-00 (1),adaptive_thresholds_Bridge_150m_Turnout_90m_RailJoint_60m
162,1620.0,Normal Track,Normal Track,Normal Track,False,31947,1620.0,1630.0,5000,10,299.61174229566245,60.8329705,15.0810225,98.8085021972656,2024-12-10 10-00-00 (1),adaptive_thresholds_Bridge_150m_Turnout_90m_RailJoint_60m
163,1630.0,Normal Track,Normal Track,Normal Track,False,32147,1630.0,1640.0,5000,10,316.76745480080024,60.8299068,15.0610853,114.478004455566,2024-12-10 10-00-00 (1),adaptive_thresholds_Bridge_150m_Turnout_90m_RailJoint_60m
164,1640.0,Normal Track,Normal Track,Normal Track,False,32347,1640.0,1650.0,5000,10,572.1840765514743,60.8221466,15.043167,106.337997436523,2024-12-10 10-00-00 (1),adaptive_thresholds_Bridge_150m_Turnout_90m_RailJoint_60m
165,1650.0,Normal Track,Normal Track,Normal Track,False,32547,1650.0,1660.0,5000,10,139.8875038365759,60.8199806,15.0257575,66.1005020141602,2024-12-10 10-00-00 (1),adaptive_thresholds_Bridge_150m_Turnout_90m_RailJoint_60m
166,1660.0,Normal Track,Normal Track,Normal Track,False,32747,1660.0,1670.0,5000,10,148.00865147005385,60.8181796,15.0192621,2.12750005722046,2024-12-10 10-00-00 (1),adaptive_thresholds_Bridge_150m_Turnout_90m_RailJoint_60m
167,1670.0,Normal Track,Normal Track,Normal Track,False,32947,1670.0,1680.0,5000,10,126.10157829233881,60.8180861,15.0188995,19.3879985809326,2024-12-10 10-00-00 (1),adaptive_thresholds_Bridge_150m_Turnout_90m_RailJoint_60m
168,1680.0,RailJoint,RailJoint,Infrastructure,True,33147,1680.0,1690.0,5000,10,55.185116536166994,60.8142313,15.0110901,77.181999206543,2024-12-10 10-00-00 (1),adaptive_thresholds_Bridge_150m_Turnout_90m_RailJoint_60m
169,1690.0,Normal Track,Normal Track,Normal Track,False,33347,1690.0,1700.0,5000,10,195.94236761050232,60.8040495,15.0139298,109.075996398926,2024-12-10 10-00-00 (1),adaptive_thresholds_Bridge_150m_Turnout_90m_RailJoint_60m
170,1700.0,Normal Track,Normal Track,Normal Track,False,33547,1700.0,1710.0,5000,10,80.23040803470214,60.7931201,15.023532,111.148002624512,2024-12-10 10-00-00 (1),adaptive_thresholds_Bridge_150m_Turnout_90m_RailJoint_60m
171,1710.0,Normal Track,Normal Track,Normal Track,False,33743,1710.0,1720.0,5000,10,234.44184794672293,60.780132,15.0200363,141.506500244141,2024-12-10 10-00-00 (1),adaptive_thresholds_Bridge_150m_Turnout_90m_RailJoint_60m
172,1720.0,Normal Track,Normal Track,Normal Track,False,33943,1720.0,1730.0,5000,10,88.30262102364945,60.765935,15.0170998,140.137496948242,2024-12-10 10-00-00 (1),adaptive_thresholds_Bridge_150m_Turnout_90m_RailJoint_60m
173,1730.0,Normal Track,Normal Track,Normal Track,False,34143,1730.0,1740.0,5000,10,104.89992769061423,60.7533048,15.0190441,100.861999511719,2024-12-10 10-00-00 (1),adaptive_thresholds_Bridge_150m_Turnout_90m_RailJoint_60m
174,1740.0,Normal Track,Normal Track,Normal Track,False,34343,1740.0,1750.0,5000,10,665.7243276400555,60.7454343,15.008713,95.4599990844727,2024-12-10 10-00-00 (1),adaptive_thresholds_Bridge_150m_Turnout_90m_RailJoint_60m
175,1750.0,RailJoint,RailJoint,Infrastructure,True,34543,1750.0,1760.0,5000,10,34.2958593847856,60.7380555,15.001482,62.9740028381348,2024-12-10 10-00-00 (1),adaptive_thresholds_Bridge_150m_Turnout_90m_RailJoint_60m
176,1760.0,Turnout,Turnout,Infrastructure,True,34738,1760.0,1770.0,5000,10,32.063617616275785,60.7347273,15.0034366,8.86149978637695,2024-12-10 10-00-00 (1),adaptive_thresholds_Bridge_150m_Turnout_90m_RailJoint_60m
177,1770.0,Turnout,Turnout,Infrastructure,True,34938,1770.0,1780.0,5000,10,32.335596939653755,60.734641,15.0034608,0.0,2024-12-10 10-00-00 (1),adaptive_thresholds_Bridge_150m_Turnout_90m_RailJoint_60m
178,1780.0,RailJoint,RailJoint,Infrastructure,True,35138,1780.0,1790.0,5000,10,30.04207973220702,60.7343523,15.0037151,13.1719999313354,2024-12-10 10-00-00 (1),adaptive_thresholds_Bridge_150m_Turnout_90m_RailJoint_60m
